Source,Program,Task_ID,Status,User_Name,Date_Time,Task_Name,Improvement_Type,GAIN,User_Review
excel_import,MARLIN BP,MBP-1404,,,2025-11-20,FNC2 RRO_SCRN_x removal (pull in),TTR,0.3,
excel_import,MARLIN BP,MBP-1445,,,2025-11-20,TTR: Remove PRE2 prm_282_hiResVCMBodeTemp (pull in),TTR,0.3,
excel_import,MARLIN BP,MBP-1481,,,2025-11-20,T102 PCBA_SCRN TTR (pull in),TTR,2,
excel_import,MARLIN BP,,Implemented FW2613 (PCO4.2.13),,2025-11-20,4.10) PCO 4.2.12,TTR,0,
excel_import,MARLIN BP,MBP-1609,,,2025-11-20,Remove PWT SF3 portion for weld before Cert (pull in),TTR,2,
excel_import,MARLIN BP,MBP-1641,,,2025-11-20,TTR: CERT portion Powercycle,TTR,1.5,
excel_import,MARLIN BP,MBP-1706,,,2025-11-20,"TTR: T282 reduce ""idle time""",TTR,9,
excel_import,MARLIN BP,MBP-1707,,,2025-11-20,TTR: Further Test Time Reduction In T282 - Bode Convergence Check,TTR,6,
excel_import,MARLIN BP,MBP-1708,,,2025-11-20,TTR - Reducing the SkDly in t135 from 20ms to 0ms,TTR,5,
excel_import,MARLIN BP,MBP-1352,,DC / Korat PE,2025-11-20,Enable STFL on SMR,TTR,30,
excel_import,MARLIN BP,,Implemented FW2616 (PCO 4.2.15),,2025-11-20,4.11) PCO 4.2.14,TTR,,
excel_import,MARLIN BP,,,,2025-11-20,Remove T299_DS_ATI at FNC2,TTR,,
excel_import,MARLIN BP,,,,2025-11-20,4.13) PCO 5.0.0 - 5.0.1,TTR,0,
excel_import,MARLIN BP,MBP-1383,,DC,2025-11-20,Fast uJog in T299,TTR,2,
excel_import,MARLIN BP,MBP-1419,,DC,2025-11-20,Test Time: T297 Data Trimming at PRE2,TTR,1,
excel_import,MARLIN BP,MBP-1419,,DC,2025-11-20,Test Time: T297 Data Trimming at CAL2,TTR,0.7,
excel_import,MARLIN BP,,PCO 5.0.4 mplemented WW20,,2025-11-20,4.14) PCO 5.0.3 - 5.0.4,TTR,0,
excel_import,MARLIN BP,MBP-972,,DC,2025-11-20,PROZ   (note: PROZ chg is in PCO 5.0.4),TTR,100,
excel_import,MARLIN BP,MBP-1444,,,2025-11-20,T282 C0 sensitivity opti,TTR,7,
excel_import,MARLIN BP,MBP-1525,,,2025-11-20,Erasure Testing - Fast Write Modes (T298/T299),TTR,3,
excel_import,MARLIN BP,MBP-1718,,,2025-11-20,TTR: To close TT gap (vs Marlin) - BER measurement,TTR,5,
excel_import,MARLIN BP,MBP-1739,,,2025-11-20,T282 sensitivity projection optimization - data & test time reduction,TTR,0,
excel_import,MARLIN BP,,"Released WW17, Checkout 6H WW20,",,2025-11-20,4.15) PCO 5.0.5,TTR,,
excel_import,MARLIN BP,MBP-1671,,,2025-11-20,TTR - Radical malloc eval,TTR,10.5,
excel_import,MARLIN BP,MBP-1846,,Korat FW,2025-11-20,LASER_INIT test process optimization,TTR,1,
excel_import,MARLIN BP,MBP-1625,,,2025-11-20,ZAP Seek Path Optimization,TTR,3.6,
excel_import,MARLIN BP,,,,2025-11-20,4.16) PCO 5.0.6,TTR,,
excel_import,MARLIN BP,MBP-1602,,,2025-11-20,SPFS T2108 Read TTR by increasing CertTrkStep (SkInc) to 75 from default 30 (CMR only),TTR,0.6,
excel_import,MARLIN BP,MBP-1704,,,2025-11-20,Reduce redundant zones test of VBAR_ATI,TTR,2,
excel_import,MARLIN BP,MBP-1852,,,2025-11-20,Removal of Offset Search & Channel Training Reads,TTR,??,
excel_import,MARLIN BP,MBP-1916,,DC,2025-11-20,WP Optimization,TTR,??,
excel_import,MARLIN BP,MBP-1926,,,2025-11-20,Optimize get ta rec for TA access and audit lookup,TTR,0.4??,
excel_import,MARLIN BP,,Released WW2619,,2025-11-20,4.17) PCO 5.1.0 (mat'l 12),TTR,,
excel_import,MARLIN BP,MBP-1774,,,2025-11-20,Add DRAM screen while soaking test,TTR,??,
excel_import,MARLIN BP,,,,2025-11-20,4.18) Pending Activity,TTR,,
excel_import,MARLIN BP,MBP-1792,,Servo DC,2025-11-20,MarlinBP remove state (est. 43 hrs) ??,TTR,0,
excel_import,MARLIN BP,MBP-1856,,,2025-11-20,T451 Derived Opti: Update Anchor zone behavior and set anchor zone mask,TTR,,
excel_import,MARLIN BP,MBP-1815,,,2025-11-20,FPW & SPFS Power Cycle Removal around LFA,TTR,1.5,
excel_import,MARLIN BP,"MBP-1884, MBP-1887",,Korat FW/DC TP/ARS,2025-11-20,FPW removal,TTR,45,
excel_import,MARLIN BP,Need Jira,,,2025-11-20,POML all mode for SMR,TTR,,
excel_import,MARLIN BP,MBP-1731,,,2025-11-20,Scopy TA Scan Feed Forward,TTR,12,
excel_import,MARLIN BP,,,,2025-11-20,4.19) Study Activity,TTR,,
excel_import,MARLIN BP,,,Korat FW,2025-11-20,T299 RAP Saving (4),TTR,4,
excel_import,MARLIN BP,MBP-1705,,DC,2025-11-20,"Project to remove UACT1 ""milli"" actuator",TTR,2,
excel_import,MARLIN BP,Need Jira,,Korat,2025-11-20,T285 DRCM opti  (MarlinCT-1948),TTR,1,
excel_import,MARLIN BP,Need Jira,,,2025-11-20,WP opti Prediction,TTR,4,
excel_import,MARLIN BP,Need Jira,,Korat FW/Servo DC,2025-11-20,XBAR   (MarlinCT-576),TTR,8,
excel_import,MARLIN BP,Need Jira,,Korat FW/ARS DC,2025-11-20,VBAR ATI predict	 ?(Summit-1179)?		,TTR,0.5,
excel_import,MARLIN BP,Need Jira,,,2025-11-20,Remove PWT opti,TTR,9.5,
excel_import,MARLIN BP,Need Jira,High risk review with ARS,,2025-11-20,VBAR Laser Predition,TTR,9,
excel_import,MARLIN BP,MBP-,,,2025-11-20,Skip track certify CMR (can we pull in 1 qtr)/ (MarlinCT-1980),TTR,20,
excel_import,MARLIN BP,MBP-1730,,,2025-11-20,SMR Format removal (SMR only),TTR,25??,
excel_import,MARLIN BP,,,Korat FW,2025-11-20,Write/Read xfer,TTR,2,
excel_import,MARLIN BP,MBP-1909,,Korat FW/ARS DC,2025-11-20,T55 with independent ZAP track (can we pull in?,TTR,10,
excel_import,MARLIN BP,need jira,,Servo DC,2025-11-20,Z-path (5hrs?) (can it pull in before Q3? - Mingzhong,TTR,5??,
excel_import,MARLIN BP,,,Korat FW,2025-11-20,Chrome step size,TTR,0.8,
excel_import,MARLIN BP,,,Korat FW,2025-11-20,T438 param update,TTR,0.5/call,
excel_import,MARLIN BP,,,SSDC TP,2025-11-20,"PWT TTR & optimization: DNLD_CODE, enableDiags, Powercycle",TTR,0.9,
excel_import,MARLIN BP,MBP-1931,,,2025-11-20,10k RPM eval at SPIN OPER (Soak Time reduction eval),TTR,,
excel_import,MARLIN BP,,,,2025-11-20,4.20) Hold item,TTR,,
excel_import,MARLIN BP,MBP-1488,,,2025-11-20,T451 Random Pattern Generation 5% TTR (when?),TTR,0,
excel_import,MARLIN BP,"MBP-1501, 1759, 1760",,,2025-11-20,3rev to 2rev ZAP 30TBLV Meta (30 hrs but won't intersect in time for Meta),TTR,0,
excel_import,MARLIN BP,,,,2025-11-20,3rev to 2rev ZAP (SMR) (30 hrs needs customer and ADC for 9H),TTR,30,
excel_import,MARLIN BP,,,,2025-11-20,1Rev ZAP (90hrs) - Hold,TTR,90,
excel_import,MARLIN BP,MBP-1405,,,2025-11-20,FNC2 T150 Linearization monitor (1.2) (1hr?),TTR,0,
excel_import,MARLIN BP,Need Jira,,DC,2025-11-20,Optimize FPW by Bank write Phase2 (cosider in Marlin rmv state) - (FPW removal instead),TTR,0,
excel_import,MARLIN BP,,,,2025-11-20,4.12) PCO TTR Q2FY27,TTR,0,
excel_import,MARLIN BP,MBP-1013,,PCO 4.2.1,2025-11-20,NDS in parallel with soak (anneal) (9H heads only),TTR,,
excel_import,MARLIN BP,,,,2025-11-20,Adjust baseline,TTR,10,
excel_import,MARLIN BP,,,,2025-11-20,Total MQM TTR saving,TTR,,
excel_import,MARLIN BP,,,,2025-11-20,Total Soak TTR,TTR,,
excel_import,MARLIN BP,,,,2025-11-20,Total  CERT TTR,TTR,,
excel_import,MARLIN BP,,,,2025-11-20,Gap to FROST (all risks),TTR,,
excel_import,MARLIN BP,,,,2025-11-20,Gap to POR 3.0 (all risks),TTR,,
excel_import,MARLIN BP,,,,2025-11-20,*Note : This is Gemini test time. If load on Nimbus since SCOPY since item 3.2) we can get more TTR 9 hr..,TTR,,
excel_import,MARLIN BP,MBP-1403,,,2025-11-20,PRE2 GMR_RES_2x monitor (0.2),TTR,,
excel_import,MARLIN BP,,,Korat FW/ARS DC,2025-11-20,T299 reduce num write,TTR,1,
excel_import,MARLIN BP,,,Korat FW,2025-11-20,uJog Goby,TTR,3.5,
excel_import,MARLIN BP,MBP-1236,,DC,2025-11-20,T461 AC Erase Support,TTR,0,
excel_import,MARLIN BP,,,,2025-11-20,4.5/4.6) PCO 4.2.8/PCO 4.2.9,TTR,,
excel_import,MARLIN BP,MBP-1307,1.5,Korat FW / PE,2025-11-20,Reduce drive off time,TTR,,
excel_import,MARLIN BP,MBP-1199,2,Korat FW,2025-11-20,Update BPI/TPI FMT via PC file,TTR,,
excel_import,MARLIN BP,,,,2025-11-20,4.7) PCO 5.0.0,TTR,,
excel_import,MARLIN BP,MBP-1224,1.2,DC TP/ARS,2025-11-20,T299: Disable Track Center Search,TTR,,
excel_import,MARLIN BP,MBP-1353,,DC,2025-11-20,Write Process Restructuring: Fix to VBAR Laser Setup,TTR,,
excel_import,MARLIN BP,https://jira.seagate.com/jira/browse/MARLINCT-1799,1,,2025-11-20,Reduce t461 to odd/even zones and reduce the number of reads per write,TTR,,
excel_import,MARLIN BP,https://jira.seagate.com/jira/browse/MARLINCT-1800,2.5,,2025-11-20,TTR: Reduce T33 zone test,TTR,,
excel_import,MARLIN BP,https://jira.seagate.com/jira/browse/MARLINCT-1807,3,,2025-11-20,"TTR: Write/Read Xfer Test Zn reduce (0,2,104)",TTR,,
excel_import,MARLIN,MARLINCT-1797,"PCO7.1.11F, Implemented",DC HW,2025-11-20,          1) COBRA op 6-11% push (see actual TT look like) (ZAP) - [L] [CAL2],TTR,0.0,
excel_import,MARLIN,MARLINCT-1803,"PCO7.1.11F, Implemented",DC HW,2025-11-20,"          2) DPCO logic flow update under state parameter applyMaxDpcoWriteClr. - [L] [CAL, CAL2]",TTR,0.5,
excel_import,MARLIN,MARLINCT-1797,"PCO7.1.11F, Implemented",DC HW,2025-11-20,          3) VBAR_SME_LSR (COBRA) - [CAL2],TTR,1.5,
excel_import,MARLIN,,,,2025-11-20,     4.12) PCO7.1.11K/Q - 16.9hrs,TTR,0.0,
excel_import,MARLIN,MARLINCT-1800,"PCO7.1.11K, Implemented",DC HW,2025-11-20,          1) Revisit T33 call - reduce qty & Sampling revs - [L] [PRE2-FNC2],TTR,2.5,
excel_import,MARLIN,MARLINCT-1798,"PCO7.1.11K, Implemented",DC HW,2025-11-20,"          2)TTR: PCBA_SCRN_T102 Optimization - [L] [PRE2, CRT2, PWT]",TTR,1.0,
excel_import,MARLIN,MARLINCT-1742,"PCO7.1.11K, Implemented",Ops Eng,2025-11-20,          3) Update BPI/TPI FMT viz PC file on HSMR - [L] [CAL2],TTR,2.0,
excel_import,MARLIN,MARLINCT-1807,"PCO7.1.11K, Implemented",Ops Eng,2025-11-20,          4) W/R Xfer Sampling Test - [L][FIN2],TTR,3.0,
excel_import,MARLIN,MARLINCT-1809,"PCO7.1.11K, Implemented",Ops Eng,2025-11-20,          5) FIN2 HAMR file 100 polling optimization - [L][FIN2],TTR,1.0,
excel_import,MARLIN,MARLINCT-1815,"PCO7.1.11K, Implemented",Ops Eng,2025-11-20,          6) Download code process optimization or temp lock - [FIN2],TTR,0.4,
excel_import,MARLIN,MARLINCT-1828,"PCO7.1.11K, Implemented",DC HW,2025-11-20,          7) SF3_DPCO_CAL2 removal - [L][CAL2],TTR,6.0,
excel_import,MARLIN,MARLINCT-1821,"PCO7.1.11K, Implemented",DC HW,2025-11-20,          8) Write Opti - Read Reduction: 2 reads to 1 - [L][CAL2],TTR,,
excel_import,MARLIN,,,,2025-11-20,     4.13) PCO7.2.04F - 50.6 hrs.,TTR,,
excel_import,MARLIN,MARLINCT-1799,"PCO7.2.04F, Implemented",DC HW,2025-11-20,          1) T461reduction / T461 during ZAP (do only even or odd zone) - [L] [PRE2-PWT],TTR,2.6,
excel_import,MARLIN,MARLINCT-1859,"PCO7.2.04F, Implemented",DC HW,2025-11-20,          2) TTR: Remove PRE2 prm_282_hiResVCMBodeTemp. - [L][PRE2],TTR,,
excel_import,MARLIN,MARLINCT-1864,"PCO7.2.04F, Implemented",DC HW,2025-11-20,          3) ASSCI diag removal for TTR - [FIN2],TTR,,
excel_import,MARLIN,MARLINCT-1865,"PCO7.2.04F, Implemented",,2025-11-20,"          4) TTR: PCBA_SCRN_T102 Optimization #2 - [PRE2,CRT2,PWT]",TTR,,
excel_import,MARLIN,MARLINCT-1757,"PCO7.2.04F, Implemented",,2025-11-20,          5) T299: Disable Track Center Search - [PRE2-PWT],TTR,,
excel_import,MARLIN,"MARLINCT-365
MARLINCT-1805","PCO7.2.04F, Implemented",DC HW,2025-11-20,          6) HSMR write pass rml (PWT intercept) - [PWT],TTR,45.0,
excel_import,MARLIN,,,,2025-11-20,     4.14) PCO7.2.06D base - 60 hrs.,TTR,0.0,
excel_import,MARLIN,"MARLINCT-1784
MARLINCT-1643
MARLINCT-1763","cut-in 100%
 in FW2605 (6-Aug-25)",DC HW/DC TP,2025-11-20,"           1) PROZ phase #1 (H-CMR mode) - [FNC2] - phase in 60%, 100% by month",TTR,,
excel_import,MARLIN,,,,2025-11-20,            2) PROZ Hd8-11 opti,TTR,,
excel_import,MARLIN,,Implemented FW2604,,2025-11-20,     4.15) PCO7.2.06D -  14.2 hrs. ,TTR,,
excel_import,MARLIN,MARLINCT-1853,,,2025-11-20,          1) T47 change to accommodate SCOPY TTR change. [SCOPY],TTR,,
excel_import,MARLIN,MARLINCT-1861,,DC HW,2025-11-20,"          2) Marlin - T33 calls - Reduce Rev - [L][PRE2,FNC2]",TTR,,
excel_import,MARLIN,MARLINCT-1889,,,2025-11-20,          3) TTR opportunity of using DTS commmand - [L][FIN2],TTR,,
excel_import,MARLIN,MARLINCT-1911,,,2025-11-20,          4) Small TTR- baud verification - [L][FIN2],TTR,,
excel_import,MARLIN,MARLINCT-1857,,DC HW,2025-11-20,"          5) C0 sensitivity scoring from multi-rate to single-rate: - [PRE2, CAL]",TTR,,
excel_import,MARLIN,MARLINCT-1879,,,2025-11-20,          6) T451 Random Pattern Generation 5% TTR - [CAL2],TTR,,
excel_import,MARLIN,,"Implemented, WW11",,2025-11-20,     4.16) PCO7.2.09F2/F3 - 19 hrs. - Implemented WW11,TTR,,
excel_import,MARLIN,MARLINCT-1958,,,2025-11-20,"       1) TTR: T282 reduce ""idle time"" - [PRE2, CAL]",TTR,,
excel_import,MARLIN,MARLINCT-1984,,,2025-11-20,"       2) Project to remove UACT1 ""milli"" actuator Bode",TTR,,
excel_import,MARLIN,MARLINCT-2012,,,2025-11-20,       3) T282 – Bode convergence check,TTR,,
excel_import,MARLIN,MARLINCT-2018,,,2025-11-20,"       4) Reducing the SkDly in t135 from 20ms to 0ms [PRE2,CAL,PWT]",TTR,,
excel_import,MARLIN,MARLINCT-1676,"In PCO7.207, need investigate",,2025-11-20,       5) TCG_PREP EC11087 improvment [FIN2],TTR,,
excel_import,MARLIN,,"Implemented, WW16",,2025-11-20,     4.17) PCO7.2.10E (include LBC servo) - 10.2 hrs - Implemented WW16,TTR,,
excel_import,MARLIN,MARLINCT-2008,Baseline PCO7.2.10 Intira CP WW21 Tue,,2025-11-20,       1) TTR: ZAP Seek Path Optimization ( PROZ/OCZ ) [EWC T275] - [FNC2],TTR,,
excel_import,MARLIN,MARLINCT-2100,,,2025-11-20,       2) LASER_INIT process optimize,TTR,,
excel_import,MARLIN,MARLINCT-1916,,,2025-11-20,       3) T2108 Read TTR by increasing CertTrkStep (SkInc) to 75 from default 30 [FNC2],TTR,,
excel_import,MARLIN,MARLINCT-2057,,,2025-11-20,"       4) EWC Radical malloc (15hrs) [CAL, CAL2,FNC2] (New)",TTR,12.0,
excel_import,MARLIN,,,,2025-11-20,       5) TTI - TPI push 2% [Plan implement ww15],TTR,,
excel_import,MARLIN,MARLINCT-2018,,,2025-11-20,       6) Reducing the SkDly in t135 from 20ms to 0ms for AFH1_LOCD,TTR,,
excel_import,MARLIN,MARLINCT-1901,,,2025-11-20,       7) PC compression(Save state)- about 7 hrs,TTR,,
excel_import,MARLIN,MARLINCT-1754,,,2025-11-20,       8) STFL Enable for SMR only ,TTR,,
excel_import,MARLIN,,"released ww17, CP WW20",,11/18/2025,"     4.18) PCO7.2.11 / PCO7.3.03 - Must be implement ww20 (LZR oper, L7)",TTR,,
excel_import,MARLIN,MARLINCT-2131 ,,,2025-11-20,       1) DRAM test during soak test,TTR,,
excel_import,MARLIN,MARLINCT-2143,,,2025-11-20,       2) Remove extra t461 BER measurements around ZA,TTR,,
excel_import,MARLIN,MARLINCT-2159,,,2025-11-20,       3) Sample PSV_SCOPY_QUALITY state in PRE2.,TTR,,
excel_import,MARLIN,MARLINCT-1948,In PCO7.3.01 onward,,2025-11-20,"       4) T285 DRCM optimize servo sector step iteration. [PRE2,PWT]",TTR,,
excel_import,MARLIN,MARLINCT-1868,Remove in7.3.03B WW20 Fri,Ops Eng,2025-11-20,       5) Reduce redundance VBAR ATI - [L][CAL2],TTR,0.0,
excel_import,MARLIN,,,,11/18/2025,       6) L7 test time increse from re-structuring,TTR,,
excel_import,MARLIN,MARLINCT-2210,Already in PCO7.3.03,,11/18/2025,"        7) WPOPTI: Pickup of SF3 TTR, and PF3 TTR   (2.5+1 hrs)",TTR,,
excel_import,MARLIN,,,,11/18/2025,     4.19) PCO7.2.12 / PCO7.3.04 -  55 hrs - ,TTR,,
excel_import,MARLIN,MARLINCT-1704,"Pending RGA, CP21 PE",,2025-11-20,       1) FPW CAL2 removal (45hrs) - (Can enable by CMS),TTR,,
excel_import,MARLIN,MARLINCT-1913,TA FF satus Koy WW21 plan cut-in ww25,DC HW,2025-11-20,      2) TA scan feed forward - [H][SCOPY],TTR,0.0,
excel_import,MARLIN,MARLINCT-2217,,,2025-11-20,       3) Active Servo Flaw Table (ASFT) build algorithm change,TTR,,
excel_import,MARLIN,MARLINCT-2122,Follow up with Petcharat/DC,,2025-11-20,       1) BER collection removal/reduce t25 rev/RRO screen removal,TTR,,
excel_import,MARLIN,Need Jira,"Global / SSDC, reviwoing ",,2025-11-20,       1) Leverage items from Summit,TTR,0.0,
excel_import,MARLIN,MARLINCT-2200,M follow up with SSDC CP WW21,,2025-11-20,       2) Opti settling bypass BIE,TTR,,
excel_import,MARLIN,MARLINCT-2201,,,2025-11-20,       3) Increase Opti LC_Delay step size from 2 to 4,TTR,,
excel_import,MARLIN,MARLINCT-2202,,,2025-11-20,       4) apply Increase Opti LC_Delay step size from 2 to 4 to all opti calls,TTR,,
excel_import,MARLIN,,,,2025-11-20,     4.21) PCO TBD - Plan relase,TTR,,
excel_import,MARLIN,MARLINCT-2122,Pending DC review,,2025-11-20,       1) Marlin TTR remove state (Estimate 39hrs),TTR,,
excel_import,MARLIN,MARLINCT-1867,Task checkout,Ops Eng,2025-11-20,       2) VBAR ATI prediction ML - [L][CAL2] - ? hr - require TVM separate,TTR,0.0,
excel_import,MARLIN,MARLINCT-1820,Study by Korat,Ops Eng,2025-11-20,       3) VBAR lacer PRE2 predict ML phase 1 - [H][PRE2] - 1hr,TTR,0.0,
excel_import,MARLIN,,Include in PCO7.2.10A Start DASL? CP WW20,DC HW/DC TP,2025-11-20,1) PROZ phase #2 (H-SMR mode) - [FNC2],TTR,0.0,
excel_import,MARLIN,MARLINCT-1846,Include in PCO7.2.10A,Ops Eng,2025-11-20,2) Optimize sorting time  (H-SMR mode) -  [L] [FNC2],TTR,0.0,
excel_import,MARLIN,MARLINCT-2117,Pending code release (15Aug),Ops Eng,2025-11-20,"3) ZAP 1-rev [FNC2][H] (maximum 60hr, projected 30 )- not allow",TTR,0.0,
excel_import,MARLIN,MARLINCT-2157,develop,,2025-11-20,        4) VBAR_WP OPTI write by conds [CAL2] [M](projected 4),TTR,,
excel_import,MARLIN,,,,2025-11-20,     4.22) PCO TBD,TTR,,
excel_import,MARLIN,"TSR-6211
MARLINCT-2252","Require TIST 30x, TVM60
Control / TTR, reserve slot ww?",,2025-11-20,        1) SMR POML  (12 hrs),TTR,,
excel_import,MARLIN,MARLINCT-2226,,,2025-11-20,        2) SF3 reloadRAP eval,TTR,,
excel_import,MARLIN,1905,,DC HW,2025-11-20,       1) Soak Removal - [H][SPIN] [plan complere ww32] (120 hr),TTR,0.0,
excel_import,MARLIN,"TSR-4468
MARLINCT-1749",Developing by US & Korat,DC TP/Op Eng,2025-11-20,        2) Bank write Phase1 -  FPW b4VBAR optimize by T463 (Bank Write) - [H][CAL2],TTR,0.0,
excel_import,MARLIN,Need Jira,Develop by DC,,2025-11-20,       3) Bank Write Phase2 (4Hd),TTR,0.0,
excel_import,MARLIN,,,,2025-11-20,Parallel analysis,TTR,,
excel_import,MARLIN,,,,2025-11-20,     4.20) PCO TBD,TTR,0.0,
excel_import,MARLIN,TBD,Evaluation,Ops Eng/DC HW,2025-11-20,        1) MQM removal 100%,TTR,0.0,
excel_import,MARLIN,DISC-13649,Task checkout,Ops Eng,2025-11-20,       1) Remove duplicate T461 (CAL_BER) - [L][PRE2-PWT],TTR,0.0,
excel_import,MARLIN,,,,2025-11-20,     4.21) PCO TBD,TTR,0.0,
excel_import,MARLIN,TBD,Study by Korat,Ops Eng,2025-11-20,       2) ZAP ML - [H][FNC2],TTR,0.0,
excel_import,MARLIN,MARLINCT-2018,,,2025-11-20,         3) Reducing the SkDly in t135 for 4hr TTR,TTR,,
excel_import,MARLIN,"TSR-4851
MARLINCT-1890",SF3 developing,DC HW,2025-11-20,       4) Nimbus Split Temp (No wait Time) - Already in PCO7.2.05,TTR,0.0,
excel_import,MARLIN,,,,2025-11-20,     4.18) PCO TBD1,TTR,0.0,
excel_import,MARLIN,,Study by Korat,Ops Eng,2025-11-20,       6) WP opti - ML phase 1 - [H][CAL],TTR,0.0,
excel_import,MARLIN,,,,2025-11-20,     4.19) PCO TBD2,TTR,0.0,
excel_import,MARLIN,,Study by Korat,Ops Eng,2025-11-20,      1) VBAR laser prediction phase 2 - [H][PRE2],TTR,0.0,
excel_import,MARLIN,,Study by Korat,Ops Eng,2025-11-20,      2) Write power prediction phase 2 - [H][CAL2],TTR,0.0,
excel_import,MARLIN,,,,2025-11-20,     4.20) PCO TBD3,TTR,0.0,
excel_import,MARLIN,,Study by Korat,Ops Eng,2025-11-20,      1) ZAP 1-Rev Center - [H] [FNC2],TTR,0.0,
excel_import,MARLIN,MARLINCT-1833,Study by Korat,Ops Eng,2025-11-20,      2) Weld After Assembly - [H][PWT],TTR,0.0,
excel_import,MARLIN,MARLINCT-1782,Study by DC,DC HW,2025-11-20,      3) FMT certify by condition - [H][FIN2],TTR,0.0,
excel_import,MARLIN,1908,Follow up status by CJ,DC HW,2025-11-20,      5) T418 refractoring - [PRE2],TTR,0.0,
excel_import,MARLIN,,Study by DC,DC HW,2025-11-20,"      6) Review data collection rml or by condition based on threshold ( T461, MDW Screen)",TTR,0.0,
excel_import,MARLIN,,Study by DC,DC HW,2025-11-20,      7) Some more optimizations,TTR,0.0,
excel_import,MARLIN,,CP WW37,DC HW,2025-11-20,      8) Revisit every wedge count to see opportunities,TTR,0.0,
excel_import,MARLIN,1906,Study by DC,DC HW,2025-11-20,      9) DOS threshold reduce quantitis of zone as we see some more margin,TTR,0.0,
excel_import,MARLIN,,TBD,DC HW,2025-11-20,     10) Reduce # of T150 calls that were used for NS50 ,TTR,0.0,
excel_import,MARLIN,FWSD-6603,,DC-FW,2025-11-20,     11) Merge Master Format and SinglePassFlawScan (SPFS),TTR,0.0,
excel_import,MARLIN,,,,2025-11-20,Total TTR,TTR,254.456,
excel_import,MARLIN,,,,2025-11-20,Gap to FROST (all risks),TTR,,
excel_import,MARLIN,,,,2025-11-20,Gap to POR 3.0 (all risks),TTR,,
excel_import,MARLIN,,,,2025-11-20,*Note : This is Gemini test time. If load on Nimbus since SCOPY since item 3.2) we can get more TTR 9 hr..,TTR,,
excel_import,MARLIN,,,,2025-11-20,"POML SMR - 20H  : TIST SMR (30x), TVM (60x), sORT(250x no gating)",TTR,,
excel_import,MARLIN,,,,2025-11-20,Release checkout (4H) - ww16,TTR,,
excel_import,MARLIN,,,,2025-11-20,Start qaul - ww18,TTR,,
excel_import,SUMMIT,SUMMIT-1187,Done,RW LCO&Korat FW / RTE,2025-11-20,        POML OTF,TTR,,
excel_import,SUMMIT,SUMMIT-1200	,Done,RW LCO&Korat FW / PE&RTE,2025-11-20,        POML WW,TTR,,
excel_import,SUMMIT,SUMMIT-1376,Done,Korat FW / LCO SF3,2025-11-20,        T102 optimize,TTR,,
excel_import,SUMMIT,,Review opportunity,CT / PE,2025-11-20,Enable STFL 85% (pull in),TTR,,
excel_import,SUMMIT,,,,2025-11-20,     4.4) PCO - 3.5.0E (11hrs),TTR,,
excel_import,SUMMIT,SUMMIT-1132,Done,Servo SSDC / TCO PF3,2025-11-20,        ZAP Audit optimize (3.5.0C),TTR,,
excel_import,SUMMIT,SUMMIT-1188,Done,Korat FW / TCO PF3,2025-11-20,       T299 Reduce num wirte (3.5.0C),TTR,,
excel_import,SUMMIT,SUMMIT-1189,Done,Korat FW / LCO SF3,2025-11-20,        Power cycle optimize,TTR,,
excel_import,SUMMIT,SUMMIT-1450,Done,Korat FW/ SSDC,2025-11-20,T299 opti RAP saving ,TTR,,
excel_import,SUMMIT,,Done,-,2025-11-20,      4.5.1) Enable STFL( 3hrs),TTR,3,
excel_import,SUMMIT,,,,2025-11-20,      4.6) PCO 3.6.2A  - 18.5 hrs ,TTR,0,
excel_import,SUMMIT,SUMMIT-1430,Done,SG SW team,2025-11-20,T130 optimize,TTR,1.5,
excel_import,SUMMIT,SUMMIT-1481,Done,SSDC,2025-11-20,T297 optimize,TTR,4,
excel_import,SUMMIT,SUMMIT-1479,Done,Korat FW,2025-11-20,Opti HME compoment CAL2,TTR,1,
excel_import,SUMMIT,SUMMIT-1502,Done,SSDC,2025-11-20,TTR- Disable MT50/10 measurements (Test269),TTR,2,
excel_import,SUMMIT,SUMMIT-1526,Done,SSDC,2025-11-20,BER_OPTI remove redundant repeated T461,TTR,3,
excel_import,SUMMIT,SUMMIT-1374,Done,SSDC,2025-11-20,Update boost opti range for more stable zn to zn CTF,TTR,1.3,
excel_import,SUMMIT,SUMMIT-1343,Done,Korat FW,2025-11-20,Reduce num of read  (VBAR WP) (pull in),TTR,1.3,
excel_import,SUMMIT,SUMMIT-1345,Done,Korat FW,2025-11-20,TTR BPI - TPI FMT update (Pull in),TTR,0.4,
excel_import,SUMMIT,"SUMMIT-1431,
SUMMIT-1580",Done,SG SW team,2025-11-20,SPFS with SkInc optimization (CMR/ SMR),TTR,1,
excel_import,SUMMIT,SUMMIT-1314,Done,SSDC,2025-11-20,TTR T297 optimize data collection CAL2 (Pull in),TTR,3,
excel_import,SUMMIT,SUMMIT-366,Done,CT & US Test process,2025-11-20,"PROZ from preamp allocation as of Feb10,2025 (50% to 100%)",TTR,50,
excel_import,SUMMIT,,,,2025-11-20,"STFL for SMR&HSMR (70% Q1, 100% Q2)",TTR,,
excel_import,SUMMIT,,,,2025-11-20,     4.7.1) PCO 3.6.2C- turn on Variable spare 7hrs,TTR,0,
excel_import,SUMMIT,SUMMIT-1863,Done,Ops Eng,2025-11-20,BER_OPTI Variable spare (Pull in),TTR,5,
excel_import,SUMMIT,,,,2025-11-20,     4.7.2) PCO 3.6.3A - 12hrs,TTR,0,
excel_import,SUMMIT,SUMMIT-1708,Done,DE/ Korat FW,2025-11-20,"Reduce T299 Numwrt  (CAL2,  PWT), focus Expand",TTR,2.4,
excel_import,SUMMIT,SUMMIT-1749,Done,SSDC,2025-11-20,Remove MAVGRO in Summit,TTR,5,
excel_import,SUMMIT,"SUMMIT-1202/
SUMMIT-1850 ",Done,Korat FW,2025-11-20,"FINE_UJOG_INIT TTR (Goby) by condition (CAL2-CMR/HSMR)
",TTR,1.6,
excel_import,SUMMIT,SUMMIT-1757,Done,SSDC,2025-11-20,TTR: Remove SWD_CAL SkipWriteDetect_198 (CAL2/ CRT2),TTR,1.8,
excel_import,SUMMIT,"SUMMIT-1576/
TSR-4093",Done,SSDC,2025-11-20,TTR on Summit CMR PWT VARIABLE_SPARES (TT -1.5),TTR,0,
excel_import,SUMMIT,SUMMIT-1834,Done,Wuxi FW,2025-11-20,"Remove T298 in T299_ATI and WRITE_SCRN (FNC2, PWT)",TTR,0.6,
excel_import,SUMMIT,SUMMIT-1825,Done,Wuxi FW/ Korat FW,2025-11-20,Reduce PES(T33) test revs from 32 to 16 (FNC2),TTR,1,
excel_import,SUMMIT,"
SUMMIT-1703",Done,Korat FW,2025-11-20,"Special 24 hrs TTR, Pick only CRT2 T299 (CRT2)",TTR,1.2,
excel_import,SUMMIT,,,,2025-11-20,4.7.3) PCO 3.6.4 - 14.5hrs,TTR,0,
excel_import,SUMMIT,SUMMIT-1509,Done,SSDC,2025-11-20,   TTR- Reduced BER measure WPOPTI (CAL2),TTR,2,
excel_import,SUMMIT,SUMMIT-1545,Done,SSDC,2025-11-20,   TTR: T451 increase step size from 2 to 4 for LC_DELAY_SDW (CAL2),TTR,1,
excel_import,SUMMIT,"SUMMIT-1612,
SUMMIT-1772",Done,Korat FW / ARS,2025-11-20,   T299 optimize track center (FNC2),TTR,1,
excel_import,SUMMIT,SUMMIT-1563,Done,Korat FW ,2025-11-20,   VBAR ATI reduce redundance (CAL2),TTR,5,
excel_import,SUMMIT,,,,2025-11-20,4.7.4) PCO 3.6.5 - 11.35hrs,TTR,0,
excel_import,SUMMIT,SUMMIT-1511,Done,SSDC TP/ ARS,2025-11-20,Archor zn opti in Derived opti to rmv Read Opti OD,TTR,1.5,
excel_import,SUMMIT,SUMMIT-1896,Done,SSDC TP,2025-11-20,Remove prm_461_ReadOffsets in CAL2 BER_OPTI & FNC2 BER_SPFS,TTR,3,
excel_import,SUMMIT,SUMMIT-1878,Done,SSDC TP/DC HW,2025-11-20,TTR: Remove T315,TTR,1,
excel_import,SUMMIT,SUMMIT-1501,Done,SSDC,2025-11-20,TTR- OD_PAD_MQM removal,TTR,1,
excel_import,SUMMIT,SUMMIT-1853,Done,SSDC TP/ ARS,2025-11-20,Opti Settling bypass BIE into Summit branch for TTR,TTR,1.7,
excel_import,SUMMIT,"SUMMIT-1612,
SUMMIT-1772",Done,Korat FW / ARS,2025-11-20,T299 optimize track center (CAL2/FNC2/CRT2/PWT),TTR,1,
excel_import,SUMMIT,SUMMIT-1845,Done,SSDC TP/,2025-11-20,Improve VBAR findMargin function speed,TTR,1,
excel_import,SUMMIT,SUMMIT-1898,Done,Korat FW,2025-11-20,TTR remove SAVE_STATE at SCOPY and PRE2,TTR,0.15,
excel_import,SUMMIT,SUMMIT-1715,Done,Korat FW ,2025-11-20,ProZ : P90/Test time reduction improvement (FNC2),TTR,1,
excel_import,SUMMIT,,,,2025-11-20,4.7.3) PCO 3.6.8 - 20.63 hrs,TTR,0,
excel_import,SUMMIT,SUMMIT-1861,Done,Korat FW,2025-11-20,TTR: PCBA_SCRN_T102 Optimization,TTR,2,
excel_import,SUMMIT,SUMMIT-1765,Done,SoonWah/Ying Jin,2025-11-20,TTR: T193 test time reduction,TTR,0.13,
excel_import,SUMMIT,"SUMMIT-1031, SUMMIT-1880",Done,Korat FW,2025-11-20,TTR : T150 measure only servo primary reader,TTR,0.6,
excel_import,SUMMIT,SUMMIT-1824,Done,SSDC TP/ ARS,2025-11-20,TTR: T335 reduce number of test tracks on STM scan and GC scan,TTR,0.7,
excel_import,SUMMIT,SUMMIT-1929,Done,Zay Yar,2025-11-20,TTR : Remove PES_SCRN_RD_MODE T33 on read offset in FNC2,TTR,0.2,
excel_import,SUMMIT,SUMMIT-1916,Done,Yihua/JiYun,2025-11-20,TTR opportunity of using DTS command,TTR,0.8,
excel_import,SUMMIT,SUMMIT-1854,Done,SSDC TP/ ARS,2025-11-20,TTR: T451 increase step size from 2 to 4 for LC_DELAY_SDW (register ID 2164) for test time saving for all T451,TTR,1,
excel_import,SUMMIT,SUMMIT-1881,Done,Korat FW,2025-11-20,TTR: MSMR dual reader test by condition (from single reader),TTR,0.7,
excel_import,SUMMIT,SUMMIT-1033,Done,Sitthichai/Rick M.,2025-11-20,ATI write optimization in WP (Implement Version),TTR,2.3,
excel_import,SUMMIT,SUMMIT-1913,Done,Prasanna/Dipesh,2025-11-20,TTR: Remove LUL flawscan in fnc2,TTR,1.5,
excel_import,SUMMIT,SUMMIT-1938,Done,Wuxi FW,2025-11-20,Remove T285 in CAL state CAL_SERVO_285,TTR,0.3,
excel_import,SUMMIT,SUMMIT-1958,Done,BJ/Servo,2025-11-20,Scopy RSEED - Remove VCAT Calibration at step4,TTR,4,
excel_import,SUMMIT,SUMMIT-1872,Done,Korat FW/ Warachai S.,2025-11-20,TTR: Summit EAW (Erase After Write) Test Zone Reduction,TTR,1.2,
excel_import,SUMMIT,SUMMIT-1987,Done,Korat FW,2025-11-20, Enhance TTR Reduce zone W/R XFER (PWT),TTR,4.5,
excel_import,SUMMIT,SUMMIT-1692,Done,SG SW team,2025-11-20,TTR: Summit HSMR SPFS with SkInc optimization,TTR,0,
excel_import,SUMMIT,SUMMIT-1839,Done,Korat FW/RW LCO,2025-11-20,POML SMR - PCO3.5.0J_VC1C,TTR,0,
excel_import,SUMMIT,SUMMIT-1445,Done,Korat FW,2025-11-20,SQUEEZE_OFFSET_INIT (SMR) ,TTR,0,
excel_import,SUMMIT,SUMMIT-1825,Done,Korat FW,2025-11-20,Reduce PES(T33) test revs from 32 to 16 by condition,TTR,0,
excel_import,SUMMIT,,,,2025-11-20,4.7.4) PCO 3.6.8B - 32.1 hrs,TTR,0,
excel_import,SUMMIT,SUMMIT-1971/1921,Done,Servo DC / Korat FW,2025-11-20,T282 C0 sensitivity scoring from multi-rate to single-rate,TTR,5,
excel_import,SUMMIT,SUMMIT-1950,Done,,2025-11-20,TTR: T285 DRCM optimize servo sector step iteration,TTR,1,
excel_import,SUMMIT,SUMMIT-1981,Done,,2025-11-20,TTR: CERT portion Powercycle,TTR,1.5,
excel_import,SUMMIT,SUMMIT-2030,Done,,2025-11-20,"TTR: T282 reduce ""idle time""",TTR,9,
excel_import,SUMMIT,SUMMIT-2068,Done,,2025-11-20,Reduction of Test Loops of PWT: SEEK_TEST_PWT State,TTR,1.5,
excel_import,SUMMIT,,,,2025-11-20,4.7.4A) PCO 3.6.8B - 12 hrs (Temporary),TTR,,
excel_import,SUMMIT,SUMMIT-2070,Done,,2025-11-20,Temporary Disable New Servo Reader Selection TTR-T163,TTR,1.5,
excel_import,SUMMIT,,Done,,2025-11-20,Special 24 hrs. - State Removal,TTR,,
excel_import,SUMMIT,,Done,,2025-11-20,Temporaly State Removal for WW52,TTR,,
excel_import,SUMMIT,SUMMIT-2064,Done,,2025-11-20,Temporary State Removal (CAL2),TTR,0.37,
excel_import,SUMMIT,SUMMIT-2064,Done,,2025-11-20,Temporary State Removal (FNC2),TTR,3.62,
excel_import,SUMMIT,SUMMIT-2064,Done,,2025-11-20,Temporary State Removal (SPSC2),TTR,0.25,
excel_import,SUMMIT,SUMMIT-2064,Done,,2025-11-20,Temporary State Removal (CRT2),TTR,0.46,
excel_import,SUMMIT,SUMMIT-2064,Done,,2025-11-20,Temporary State Removal (PWT),TTR,2.4,
excel_import,SUMMIT,,,,2025-11-20,PCO 3.6.9 - Released 15May2025,TTR,,
excel_import,SUMMIT,SUMMIT-2077,,,2025-11-20,Remove SF3 Weld before CERT.,TTR,6.8,
excel_import,SUMMIT,,,,2025-11-20,SAVE_STATE,TTR,0.186,
excel_import,SUMMIT,,,,2025-11-20,T299_DS_ATI,TTR,0.7,
excel_import,SUMMIT,,,,2025-11-20,PES_SCRN_PREZAP,TTR,0.25,
excel_import,SUMMIT,SUMMIT-2078,,,2025-11-20,Remove T240 Zn1 in write screen state (temp) 300dppm,TTR,1.5,
excel_import,SUMMIT,,,,2025-11-20,      4.7) PCO3.7.x series,TTR,,
excel_import,SUMMIT,,Qualification,CT & DE,2025-11-20,      4.7.1) TA Scan pre2 (push out PCO3.7.1B),TTR,0,
excel_import,SUMMIT,,,,2025-11-20,     4.7.2) PCO 3.7.3 = 3.6.8,TTR,0,
excel_import,SUMMIT,SUMMIT-1435 / 1398 & 1042,Pending PCO integration / fix by Jira 1829,SSDC,2025-11-20,T451 new derived method + Adding RegID 0x0903 sweeping,TTR,0,
excel_import,SUMMIT,SUMMIT-1302,Pending implement,SSDC & RW LCO,2025-11-20,TA scan FF TTR/ TA scan Cell#3 TTR (25 to 12.5) ,TTR,0,
excel_import,SUMMIT,SUMMIT-1134,"SPQ-10649
SBR: SMPEXGGZFS",SSDC/ Korat SW-FW,2025-11-20,ZFS (20) - run on BRC5832,TTR,0,
excel_import,SUMMIT,,,,2025-11-20,     4.7.3) PCO 3.7.3B - TBD hrs,TTR,,
excel_import,SUMMIT,SUMMIT-2078,Cancel,Korat FW,2025-11-20,Remove Zn1 at WRITE_SCRN,TTR,1.8,
excel_import,SUMMIT,,,,2025-11-20,     4.7.4) PCO 3.7.3D1 - 9.75 hrs  (PCO 3.7.4),TTR,,
excel_import,SUMMIT,SUMMIT-2162,Done,Servo/DC,2025-11-20,Summit T282 TTR Improvement via Single FLASH Update Post SNO Tuning (New Servo xx64),TTR,1,
excel_import,SUMMIT,SUMMIT-2155,Done,Servo/DC,2025-11-20,T282 - Bode Convergence,TTR,8,
excel_import,SUMMIT,SUMMIT-1996,Done,Korat FW,2025-11-20,TTR: Optimize T461 Flow,TTR,0.75,
excel_import,SUMMIT,,,,2025-11-20,     4.7.5) PCO 3.7.3.GA - 10.8 hrs (SMR VC),TTR,,
excel_import,SUMMIT,SUMMIT-2274,Done,Korat FW,2025-11-20,"TTR: FINE_UJOG_INIT GobyLite (for PK1, unlock condition)",TTR,0,
excel_import,SUMMIT,SUMMIT-1597,"Done
PCO3.7.3C1",SSDC TP/ ARS,2025-11-20,(SMR) Investigate SMR uJOG Optimization for TTR and Robustness,TTR,0,
excel_import,SUMMIT,SUMMIT-1881,Done,Korat FW,2025-11-20,(SMR) TTR: MSMR dual reader test by condition (from single reader),TTR,0,
excel_import,SUMMIT,,,,2025-11-20,     4.7.4.1) PCO 3.7.3.EA - 6 hrs (CMR) (Cut-in WW16),TTR,,
excel_import,SUMMIT,"FWSD-6603/
SUMMIT-1943/","Tighten FNC2 4hrs, Slow runner rerun 2%",Abhay/ Kelly's team,2025-11-20,TTR: CMR Skip Track Format Certify,TTR,12,
excel_import,SUMMIT,,,,2025-11-20,     4.7.6) PCO 3.7.3.GB1 - 9.1 hrs,TTR,,
excel_import,SUMMIT,SUMMIT-2230,Pending implement,Servo/DC,2025-11-20,SCOPY YIP#6,TTR,4,
excel_import,SUMMIT,SUMMIT-1779,Pending implement,Korat FW (pull in),2025-11-20,VBAR_ATI Prediction (CAL2),TTR,1,
excel_import,SUMMIT,SUMMIT-2086,Need turn off feature for SHST in PWT,SSDC TP,2025-11-20,TTR: Investigate further TTR in MSMR_SR_RDR_TST_2 by running through exceptions,TTR,2.5,
excel_import,SUMMIT,SUMMIT-2092,Pending implement,SSDC TP,2025-11-20,TTR: Investigate potential reduction in VBAR_SME1 iterations,TTR,1,
excel_import,SUMMIT,SUMMIT-2273,Pending implement,Korat FW,2025-11-20,TTR: T240 TEST ZONE by Condition #Phase2,TTR,0.6,
excel_import,SUMMIT,,,,2025-11-20,     4.7.6) PCO 3.7.3D3/GE - 13.6 hrs,TTR,,
excel_import,SUMMIT,SUMMIT-2266,Pending implement,US DC,2025-11-20,TTR malloc on Goby - Seagate JIRA,TTR,10,
excel_import,SUMMIT,SUMMIT-2118,Pending implement,Servo/DC,2025-11-20,TTR: ZAP Seek Path Optimization ( PROZ/OCZ ),TTR,3.6,
excel_import,SUMMIT,,,,11/18/2025,     4.7.7) Plan Phase#1A - 3.6 hrs (SU373GE_02),TTR,,
excel_import,SUMMIT,SUMMIT-2300,Pending PCO integration,Kelly's team,2025-11-20,TTR: Remove 1>N28 from DNLD_CODE_TCG_SPT,TTR,0.2,
excel_import,SUMMIT,SUMMIT-2345,Pending PCO integration,SSDC TP,2025-11-20,"TTR: PWT optimization: DNLD_CODE, enableDiags, Powercycle",TTR,0.2,
excel_import,SUMMIT,"SUMMIT-2314
DISC-CR0014255",Pending Development,Servo/DC,2025-11-20,TTR: Integrated Milli/Micro Structure Bode Measurement with One-Shot SS1X Bode Measurement,TTR,0.5,
excel_import,SUMMIT,"SUMMIT-2096/
SUMMIT-2120
DISC-CR0014268","SBR: SM04X373CAL
Reli result CP. FW2618",SSDC TP,2025-11-20,TTR on LUL_TEST25 (Concern OD_PAD_MQM removal 1.2 hr) 2 hrs (was 2.5 hrs.),TTR,2,
excel_import,SUMMIT,,,,11/18/2025,     4.7.8) Plan Phase#1B - 13.8 hrs (SU373GE_03),TTR,,
excel_import,SUMMIT,TSR-6784,,SSDC TP,2025-11-20,TTR: VM optimize ,TTR,2,
excel_import,SUMMIT,TSR-6527,,SSDC TP,2025-11-20,Channel Opti TTR in VBAR_ATI,TTR,3.5,
excel_import,SUMMIT,SUMMIT-2091,"TVM: SPQ-10720
1x failed - In Analysis
(ZYDBNJX0)",SSDC TP,2025-11-20,TTR: Investigate potential T299 DistlBndSz optimization in T299_EXPN_STE_SCRN,TTR,2.5,
excel_import,SUMMIT,SUMMIT-1879	,"TVM: SPQ-10720
1x failed - In Analysis
(ZYDBNJX0)",SSDC TP,2025-11-20,TTR: Investigate test time savings by reducing Number of writes in T299_ATI and T299_DS_ATI,TTR,5.8,
excel_import,SUMMIT,,,,11/18/2025,     4.7.9) Plan Phase#1C - 6 hrs (SU373GE_02A),TTR,,
excel_import,SUMMIT,DISC-CR0014332,,Chonnakarn,11/18/2025,Remove WRITE_POWER_TCC State -- WRITE_POWER_TCC,TTR,0.2,
excel_import,SUMMIT,SUMMIT-2279,,Servo/DC,2025-11-20,TTR: Test 33 Seek Delay Improvement (SF3),TTR,0.3,
excel_import,SUMMIT,TSR-6529 ,,Royce,2025-11-20,TTR: T102 on PCBA Screen (SF3) + (new PF3),TTR,0.8,
excel_import,SUMMIT,DISC-CR0014330,,Thiansue,2025-11-20,Remove 10 zone at P461_READ_OFFSET_SFR -- Write ability solo,TTR,0.1,
excel_import,SUMMIT,DISC-CR0014334,,Thiansue,2025-11-20,"Remove Zn2, 4, P461_BIE_MEAN_BY_TRACK  -- Write ability solo",TTR,0.03,
excel_import,SUMMIT,DISC-CR0014319,,Rawinnipa,2025-11-20,Fix T94 on non-PRE2 TA scan,TTR,0.5,
excel_import,SUMMIT,,,,11/18/2025,     4.7.10) Plan Phase#1D - 13.7 hrs (SU373GE_04),TTR,,
excel_import,SUMMIT,DISC-CR0014225,,Korat FW,2025-11-20,TTR- T240 Predict Final Write,TTR,1.5,
excel_import,SUMMIT,SUMMIT-2355,,Servo/DC,11/18/2025,"TOPAZ Opt 1 (TgtRRO 0.029"")",TTR,5,
excel_import,SUMMIT,DISC-CR0014322,,Pisit/AMared,2025-11-20,AFH optimize test zone to 8 from 11,TTR,2,
excel_import,SUMMIT,DISC-CR0014323,,Pisit/Amared,2025-11-20,Increase start DAC,TTR,1,
excel_import,SUMMIT,,,,2025-11-20,      4.7.9) Plan Phase#C - 5 hrs ,TTR,,
excel_import,SUMMIT,SUMMIT-2355,Under checkout,Servo/DC,2025-11-20,"TOPAZ (Need SUMMIT-2052, 2255, 2053)",TTR,5,
excel_import,SUMMIT,,,,2025-11-20,      4.7.10) Plan Phase#D - xx hrs ,TTR,,
excel_import,SUMMIT,SUMMIT-2337,Need Fix - bank spiral write issue,Servo/DC,2025-11-20,SCOPY spiral write (YIP#7),TTR,1.3,
excel_import,SUMMIT,TSR-6529 ,Under checkout,Royce,11/18/2025,TTR: T102 on PCBA Screen,TTR,?,
excel_import,SUMMIT,SUMMIT-2302,Under checkout,Korat FW,2025-11-20,TTR: PCBA_SCRN extreme optimization. [T102 reduce loop],TTR,?,
excel_import,SUMMIT,SUMMIT-2279,Pending PCO integration,Servo/DC,2025-11-20,TTR: Test 33 Seek Delay Improvement,TTR,0.26,
excel_import,SUMMIT,SUMMIT-2272,Under checkout,Korat FW,2025-11-20,TTR: Reduce num write of zone 0 at VBAR_ATI,TTR,2,
excel_import,SUMMIT,DISC-CR0014225,Under checkout,Korat FW,2025-11-20,TTR- T240,TTR,1.5,
excel_import,SUMMIT,DISC-CR0014269,,Korat FW/US DC,2025-11-20,T220 WP Opti bypass channel training and offset searches,TTR,2.2,
excel_import,SUMMIT,,,,2025-11-20,     4.8) PCO TBD - xxhrs (PCO3.7.3x/PCO3.7.4x),TTR,,
excel_import,SUMMIT,SUMMIT-1432,,DC/ PE,2025-11-20,CMR Skip Track Format Certify NMD improvement,TTR,4,
excel_import,SUMMIT,,,,2025-11-20,CMR Skip Track Format Certify NMD improvement (Beatup),TTR,??,
excel_import,SUMMIT,"
SUMMIT-1818","SPQ-10644
SBR:  SMPEX13887
1x failed - In Analysis
(ZYDAQ0KR)",Abhay/Kelly's team,2025-11-20,"         (SMR) FMT certify by condition (25hrs) 
**Concern EC14184** Escape ~ 2.5%",TTR,0,
excel_import,SUMMIT,SUMMIT-1914,Pending implement,SSDC TP,2025-11-20,TTR: T094 (Only Pre TA Scan),TTR,0.6,
excel_import,SUMMIT,DISC-CR0014267,,LeiWei,2025-11-20,Optimize T461 reduce zone in some state,TTR,1,
excel_import,SUMMIT,SUMMIT-1900,,DC,2025-11-20,Single Sector RMM + Zero Latency Writes,TTR,9,
excel_import,SUMMIT,,3% FMT failure escape to customer. Need review how to handle that 3%(EC14184/EC10219),DC,2025-11-20,"	
(SMR) FMT removal",TTR,30,
excel_import,SUMMIT,,**CP Reli result WW51 #SPQ-10532**,Korat FW,2025-11-20,WP prediction,TTR,4,
excel_import,SUMMIT,SUMMIT-2327,Pending PCO integration,Servo/DC,2025-11-20,TTR: New Servo Code xx66,TTR,??,
excel_import,SUMMIT,,,,2025-11-20,     4.8) PCO TBD - xxhrs,TTR,0,
excel_import,SUMMIT,SUMMIT-1733,Pending drive eval,Sun Wah/Vitor Chew,2025-11-20,TTR: T297 SUMMIT TTR Plan (Phase 3),TTR,0.5,
excel_import,SUMMIT,SUMMIT-1401,Push out from 3.6,SSDC,2025-11-20,        Improve opti settle T451,TTR,0,
excel_import,SUMMIT,Pending,TBD,Korat PE/Korat FW,2025-11-20,Remove PWT SF3 portion​ for weld before CERT portion.,TTR,29,
excel_import,SUMMIT,Pending,TBD,Sitthichai/Kriangkrai/Worawit,2025-11-20,ZAP machine learning (PROZ?) - revist vs TOPAZ,TTR,12.5,
excel_import,SUMMIT,SUMMIT-1851,Cancel HDIG concern meas,SoonWah/Dick Martin,2025-11-20,Optimizing AFH Test 135 'start_dac' for Wrt/Rdr Htr,TTR,0,
excel_import,SUMMIT,SUMMIT-1846,Evaluating,Korat FW,2025-11-20,"PC file compression (T231, T130)",TTR,0.3,
excel_import,SUMMIT,TBD,,US DC,2025-11-20,T451 opti overhead,TTR,3,
excel_import,SUMMIT,,,,2025-11-20,     4.9) Risk TTR item PCO - TBD,TTR,0,
excel_import,SUMMIT,?,Developing,Korat FW,2025-11-20,     4.10) PROZ enhance for TTR (SMR mode Sorting),TTR,0,
excel_import,SUMMIT,SUMMIT-1134,Developing by SG team,SSDC/ Korat SW-FW,2025-11-20,     4.11)  ZFS (20) - run on BRC5832 (PCO3.7.2),TTR,0,
excel_import,SUMMIT,,,,2025-11-20,     4.12) Canceled,TTR,,
excel_import,SUMMIT,SUMMIT-1201,Evaluating,Servo DC/Korat FW,2025-11-20,Enable XBAR (Memory optimize in ZAP),TTR,2,
excel_import,SUMMIT,SUMMIT-1756,TBD,Korat FW,2025-11-20,Variable spare Enhance,TTR,0,
excel_import,SUMMIT,SUMMIT-2083,TBD,DC,2025-11-20,150x Channel speed up,TTR,4,
excel_import,SUMMIT,TBD,TBD,Korat FW,2025-11-20,ATI expantion Zn0 removal (0.01% failure),TTR,1,
excel_import,SUMMIT,"SUMMIT-1595,
SUMMIT-1868",Backout, SSDC,2025-11-20,VM optimize (SSDC),TTR,2,
excel_import,SUMMIT,SUMMIT-2276,Backout,SSDC TP,2025-11-20,TTR: Further improvements on TTR in VBAR_METRICS,TTR,0,
excel_import,SUMMIT,"TSR-5008, SUMMIT-2280",Backout,SSDC TP,2025-11-20,Add Fast MSMR Combined Reader Calculation mode to either T238 or T438,TTR,2.7,
excel_import,SUMMIT,SUMMIT-2278,Cancel,Korat FW,2025-11-20,TTR: Sampling T240 Zn1 in write screen state.,TTR,??,
excel_import,SUMMIT,,,,2025-11-20,Total TTR,TTR,,
excel_import,SUMMIT,,,,2025-11-20,Gap to FROST (all risks),TTR,,
excel_import,SUMMIT,,,,2025-11-20,Gap to POR 3.0 (all risks),TTR,,
excel_import,SUMMIT,SUMMIT-1197,Study by Korat,Korat FW,2025-11-20,T299 TTR-ML Zn prediction,TTR,,
excel_import,SUMMIT,Risk ,Status,Owner,2025-11-20,Risk High TTR ,TTR,,
excel_import,SUMMIT,,,,2025-11-20,iVBAR,TTR,,
excel_import,SUMMIT,H,Developing ,Korat FW / LCO Test process,2025-11-20, T102 opti,TTR,,
excel_import,SUMMIT,SUMMIT-954,Developing ,Korat FW / ARS,2025-11-20,T240 EAW,TTR,,
excel_import,SUMMIT,H,Developing ,Korat FW,2025-11-20,VBAR init predict,TTR,,
excel_import,SUMMIT,H,Study,Korat FW / LCO ARS,2025-11-20,T299 ATI optimize test zone,TTR,,
excel_import,SUMMIT,SUMMIT-1749,Study,SSDC Servo ,2025-11-20,T33 optimize,TTR,,
excel_import,SUMMIT,SUMMIT-1031,Study,Korat FW / LCO Servo,2025-11-20,Lin screen opti,TTR,,
excel_import,SUMMIT,H,Developing ,US DC,2025-11-20,CMR FMT certify by condition,TTR,,
excel_import,DORADO,Dorado-906,,,2025-11-20,4.4.1) Soak 9 days (refer to row xx,TTR,,
excel_import,DORADO,Need Jira,,,2025-11-20,"PCO 4.4.x)Dynamic  Soak 9 days -> 7 day avg
    HSMR Needs Mango approval and Exec discussion before cutting into PCO
    SMR is cut in on these dates assuming FW32 DOE has good results",TTR,,
excel_import,DORADO,,,,2025-11-20,4.3.3) Soak 0 day (not in any underpinned planned) -,TTR,,
excel_import,DORADO,,"WW16 eval release 
WW20 6hd mfg only ckpt 
WW20- mp release
WW32 Packout",,2025-11-20,PCO TTR for  Q3FY26 (PCO 4.3.4 ) (MAT6),TTR,,
excel_import,DORADO,,,,2025-11-20,TTR low risk item moved earlier from 4.4.1 and 4.4.2,TTR,,
excel_import,DORADO,Dorado-950,,,2025-11-20,Reduct T87 overhead loop in laser cal function  ,TTR,,
excel_import,DORADO,Dorado-619,,,2025-11-20,T461 in FLC_DELTA remove 9% sqz delta 0.05hrs,TTR,,
excel_import,DORADO,Dorado-737,,,2025-11-20,PRISM removal (was temporaily added in early Dorado bringup),TTR,,
excel_import,DORADO,Dorado-898,,,2025-11-20,Remove butterfly write seek (need TTR amount),TTR,,
excel_import,DORADO,Dorado-607,2 hd showing higher TTR than 46 need verification on 20hd,,2025-11-20,T461:Adjust T461 measurements that track BER changes rough the tes process for TTR,TTR,,
excel_import,DORADO,Dorado-812,,,2025-11-20,       VBAR_TPISME1 reduce max number of backoff steps ,TTR,,
excel_import,DORADO,Dorado-1036,,,2025-11-20,"EWC changes ported from Marlin (Radical malloc, Smooth linear Bode, Reduce skdly in T135, T282 Idle Time red, ZAP seek path optimization
MarlinCT-1958,2008, 2012, 2018, 2057
Dorado 1156, 1157, 1159, 1177, 1179",TTR,,
excel_import,DORADO,Dorado-1179,,ref Dorado-1036,2025-11-20,"TTR - Radical malloc eval  (6 hrs) (MarlinCT-1958, MarlinCT-2057)",TTR,,
excel_import,DORADO,Dorado-1159,,ref Dorado-1036,2025-11-20,"TTR: T282 reduce ""idle time""  (9 hrs) (MarlinCT-2018)",TTR,,
excel_import,DORADO,Dorado-1156,,,2025-11-20,TTR: Further Test Time Reduction In T282 - Bode Convergence Check (8 hrs),TTR,,
excel_import,DORADO,Dorado-1158,,,2025-11-20,ZAP Seek Path Optimization (8 hours),TTR,,
excel_import,DORADO,Dorado-1157,Need to x-check for Dorado,,2025-11-20,TTR - Reducing the SkDly in t135 from 20ms to 0ms (5 hrs),TTR,,
excel_import,DORADO,Dorado-1223,,,2025-11-20,Remove FNC2 state T299_DS_ATI for TTR,TTR,,
excel_import,DORADO,Dorado-1224,,,2025-11-20,Remove CRT2 state T299_ATI for TTR,TTR,,
excel_import,DORADO,Dorado-621,,,2025-11-20,FNC2: T461 BER tracking measurements:  reduce zone make to every 8th zone,TTR,,
excel_import,DORADO,,"WW13 eval release
WW21 6hd reli -500hr ckpt
WW21 mp release
WW32 Packout
Scopy cut-in after CERT WW17
",,2025-11-20,4.3) PCO TTR Q3FY26 (PCO 4.4.1),TTR,,
excel_import,DORADO,Dorado-583,C/P TT saving by Sep16,,2025-11-20,LPV Iop Adjust by Head,TTR,,
excel_import,DORADO,Dorado-959,C/P TT saving by Sep16,,2025-11-20,"SMR : LZR"" VBAR_LAsER: in T211 use Tpiode=2 (DS only)",TTR,,
excel_import,DORADO,Dorado-1037,C/P TT saving by Sep16,,2025-11-20,"SMR Dorado1 ractional VISA byZone, By preamp",TTR,,
excel_import,DORADO,Dorado-906,,,2025-11-20,Soak optimization (14days to 9days FW32 DOE results) refer to soak optimization section for time,TTR,,
excel_import,DORADO,Dorado-902,,,2025-11-20,"MQM 2 loop move to iMQM (Q426 30% iMQM, Q127 10%, Q227 1%",TTR,,
excel_import,DORADO,,,,2025-11-20,"No clean up after MQM (Q426, 30% clean up), Q127 10%, Q2SY 1%",TTR,,
excel_import,DORADO,,"WW18 eval release
WW25 6hd reli -500hr ckpt
WW25 mp release
WW37 Packout
Scopy cut-in after CERT WW20
",,2025-11-20,4.4) PCO TTR Q4FY26 (PCO 4.4.2),TTR,,
excel_import,DORADO,Dorado-1011,,,2025-11-20,Scopy TA-FF,TTR,,
excel_import,DORADO,Dorado-952,Mihir wil check on SBR run,,2025-11-20,HSMR:T451 Reduce the Reg list in State Derived_OpTI_2,TTR,,
excel_import,DORADO,need Jira,,,2025-11-20,T102 PCBA_SCRN TTR ,TTR,,
excel_import,DORADO,Dorado-1080,,,2025-11-20,T102 PCBA_SCRN during soak,TTR,,
excel_import,DORADO,Dorado-1015,,,2025-11-20,Skip track certify in format (TTR) (SMR only),TTR,,
excel_import,DORADO,Dorado-1198,,,2025-11-20,Remove PWT SF3 portion for weld before Cert,TTR,,
excel_import,DORADO,Dorado-1116,,,2025-11-20,    PC file compression (15 hrs ? - ,TTR,,
excel_import,DORADO,need Jira,Warachai to document Jira,,2025-11-20, State removal items (PWT/RW Xfer) TTR  TBD),TTR,,
excel_import,DORADO,Dorado-1247,Mihir wil check on SBR run,,2025-11-20,Reduce drive power off from 20s to 5s,TTR,,
excel_import,DORADO,Dorado-1248,Mihir wil check on SBR run,,2025-11-20,Pause time reduce from 20s to 3s,TTR,,
excel_import,DORADO,Droadao-1249,Mihir wil check on SBR run,,2025-11-20,Baud rate optimziation,TTR,,
excel_import,DORADO,Dorado-1092,Check with Ben,,2025-11-20,"Remove uACT1 ""milli"" actuator Bode",TTR,,
excel_import,DORADO,Droado-461,Let check more populatio in current mass,,2025-11-20,HSMR Conditional Certify HSMR 6C ,TTR,,
excel_import,DORADO,Dorado-622,Peerayoot will check with Rick,,2025-11-20,CRT2: T461: reduce zone mask to every 8th zone,TTR,,
excel_import,DORADO,Dorado-651,,,2025-11-20,Disable BPIC_SWEEP for TTR (35 min),TTR,,
excel_import,DORADO,Dorado-979,Need Mihir help,,2025-11-20,Dorado1 IBW with NoAdjTracks (fro weak write),TTR,,
excel_import,DORADO,Dorado-1228,,Mihir S,2025-11-20,Evaluate modification of Active Servo Flaw Table (ASFT) build algorithm,TTR,,
excel_import,DORADO,,"Plan rel PCO end WW18
6hd reli 500hr ckpt WW??
Packout WW??",,2025-11-20,4.4) PCO TTR Q4FY26 (PCO 5.x.x),TTR,,
excel_import,DORADO,Dorado-1029,update eval plan timing with new preamps  for when it can cut in,,2025-11-20,NDS to run in parallel with Soak (8 days savnigs),TTR,,
excel_import,DORADO,,,,2025-11-20,4.4) PCO TTR Q4FY26 (PCO 5.x.y),TTR,,
excel_import,DORADO,Dorado-1022,,,2025-11-20,TPI for iVBAR,TTR,,
excel_import,DORADO,Need Jira,Aaron  S to create,,2025-11-20,   Flex SAP update (intelligent - only when needed),TTR,,
excel_import,DORADO,Need Jira,Warachi ,,2025-11-20,Scopy higher time than Summit (HAMR - lower RPM RSEED + Laser cal +..),TTR,,
excel_import,DORADO,"WW24 eval rel WW44?? 20hd reli 500 hr ckpt
WW45 mp rel
",Est WW05 packout,put together plan for PROZ / Mango notification - Brian,2025-11-20,4.4) PCO TTR Q1FY27 (PCO 5.x.z),TTR,,
excel_import,DORADO,Dorado-1136,,,2025-11-20,NDS to utilize 2 or 4 head bank write,TTR,,
excel_import,DORADO,Dorado-439,,,2025-11-20,SMR: Shingled SMR adj writes for LBA,TTR,,
excel_import,DORADO,Dorado-516,,,2025-11-20,FPW DOE for 25 nm NFT (Dorado 2) ,TTR,,
excel_import,DORADO,Dorado-617,,,2025-11-20,SPIO MQM develoment - merge from PF3 trunk to Dorado branch,TTR,,
excel_import,DORADO,Dorado-624,,,2025-11-20,ZAP Iteration 3 ->2  TTR (with PROZ) (business trade-off - not approved),TTR,,
excel_import,DORADO,Dorado-813,,,2025-11-20,Dorado Goby 7 2.0 Sector skew in SPF,TTR,,
excel_import,DORADO,Dorado-519,,,2025-11-20,PROZ HSMR  (H-CMR& H-SMR customer approval needed),TTR,,
excel_import,DORADO,Dorado-903,,,2025-11-20,2 head Bank Write on FPW before VBAR,TTR,,
excel_import,DORADO,Dorado-1280,,,2025-11-20,FPW Removal (follow MarlinBP plan) + RGA on Dorado (FW35 reli ckpt),TTR,,
excel_import,DORADO,Dorado-461,,,2025-11-20,   HSMR Phase C (45 hrs for conditional read CMR),TTR,,
excel_import,DORADO,need Jira,Chris S creating Jira,,2025-11-20,Scopy Spiral Bank write,TTR,,
excel_import,DORADO,DORADO-905 ,,Korat FW,2025-11-20,POML All mode,TTR,,
excel_import,DORADO,,"Plan rel PCO end WW24?
6hd reli 500hr ckpt WW??
Packout WW??",,2025-11-20,4.5) PCO TTR Q1FY27 (PCO 4.x.z),TTR,,
excel_import,DORADO,Dorado-548,,,2025-11-20,Implement TOPAZ with PROZ (Z-PATH),TTR,,
excel_import,DORADO,need jira,,,2025-11-20,4 head Bank write on FPW before VBAR (not neeed if FPW removal intersects 1st),TTR,,
excel_import,DORADO,Dorado-907,,,2025-11-20,Dynamic Soak on Dorado,TTR,,
excel_import,DORADO,,,DC / Korat PE,2025-11-20,Enable STFL on SMR,TTR,,
excel_import,DORADO,need jira,,,2025-11-20,SMR Format removal (ref MBP-1730) (~25hrs)  (10% of drive write/Rd) hr TTR),TTR,,
excel_import,DORADO,Dorado-909,,,2025-11-20,Merge Master Format and SPFS (CMR only) (Goby 7),TTR,,
excel_import,DORADO,need jira,,DC,2025-11-20,Fast uJog in T299,TTR,,
excel_import,DORADO,,"Plan rel PCO end WW27
6hd reli 500hr ckpt WW??
Packout WW??",,2025-11-20,4.6) Parallel analysis,TTR,,
excel_import,DORADO,,,,2025-11-20,ACQPHZEST_SWEEP removal (CAL2),TTR,,
excel_import,DORADO,,,,2025-11-20,ACQPHZEST_SWEEP removal (CRT2),TTR,,
excel_import,DORADO,,,Korat FW,2025-11-20,Reduce drive off time,TTR,,
excel_import,DORADO,need jira,,Korat FW,2025-11-20,Update BPI/TPI FMT via PC file,TTR,,
excel_import,DORADO,need jira,,,2025-11-20,CRT2 Tripple Track BER monitor,TTR,,
excel_import,DORADO,need Jira,,DC,2025-11-20,Remove CAL2 SF3_DPCO data collection state,TTR,,
excel_import,DORADO,need Jira,,Xiao/Brian,2025-11-20,T33 calls/,TTR,,
excel_import,DORADO,need jira,,DC,2025-11-20,Write Opti - Read Reduction: 2 reads to 1 at CAL2,TTR,,
excel_import,DORADO,need jira,,Xiao/Brian,2025-11-20,FNC2 RRO_SCRN_x removal,TTR,,
excel_import,DORADO,need jira,,,2025-11-20,TTR: Remove PRE2 prm_282_hiResVCMBodeTemp,TTR,,
excel_import,DORADO,need jira,,,2025-11-20,TTR: CERT portion Powercycle,TTR,,
excel_import,DORADO,need jira,,DC TP/ARS,2025-11-20,T299: Disable Track Center Search,TTR,,
excel_import,DORADO,need jira,,DC,2025-11-20,Write Process Restructuring: Fix to VBAR Laser Setup,TTR,,
excel_import,DORADO,need jira,,DC,2025-11-20,Test Time: T297 Data Trimming at PRE2,TTR,,
excel_import,DORADO,need jira,,DC,2025-11-20,Test Time: T297 Data Trimming at CAL2,TTR,,
excel_import,DORADO,need jira,,,2025-11-20,T282 C0 sensitivity opti,TTR,,
excel_import,DORADO,need jira,,,2025-11-20,Erasure Testing - Fast Write Modes (T298/T299),TTR,,
excel_import,DORADO,need jira,,,2025-11-20,TTR: To close TT gap (vs Marlin) - BER measurement,TTR,,
excel_import,DORADO,need jira,,,2025-11-20,T282 sensitivity projection optimization - data & test time reduction,TTR,,
excel_import,DORADO,need jira,,Servo DC,2025-11-20,MarlinBP remove state (est. 43 hrs),TTR,,
excel_import,DORADO,need jira,,,2025-11-20,T451 Random Pattern Generation 5% TTR,TTR,,
excel_import,DORADO,need jira,,,2025-11-20,SPFS T2108 Read TTR by increasing CertTrkStep (SkInc) to 75 from default 30,TTR,,
excel_import,DORADO,?,,Korat FW/ARS DC,2025-11-20,T299 reduce num write,TTR,,
excel_import,DORADO,,,,2025-11-20,Reduce redundant zones test of VBAR_ATI,TTR,,
excel_import,DORADO,?,,DC,2025-11-20,"Project to remove UACT1 ""milli"" actuator",TTR,,
excel_import,DORADO,?,,Korat,2025-11-20,T285 DRCM opti,TTR,,
excel_import,DORADO,,,Korat FW,2025-11-20,T299 RAP Saving (4),TTR,,
excel_import,DORADO,,,Korat FW,2025-11-20,uJog Goby,TTR,,
excel_import,DORADO,,,Korat FW/Servo DC,2025-11-20,XBAR,TTR,,
excel_import,DORADO,,,Korat FW/ARS DC,2025-11-20,VBAR ATI predict			,TTR,,
excel_import,DORADO,,,,2025-11-20,Remove PWT opti,TTR,,
excel_import,DORADO,,,,2025-11-20,VBAR Laser Predition,TTR,,
excel_import,DORADO,,,,2025-11-20,WP opti Prediction,TTR,,
excel_import,DORADO,need jira,,DC,2025-11-20,T461 AC Erase Support,TTR,,
excel_import,DORADO,need jira,,,2025-11-20,FNC2 T150 Linearization monitor (1.2),TTR,,
excel_import,DORADO,need jira,,,2025-11-20,T461 similar to marlin JIRA1036,TTR,,
excel_import,DORADO,need jira,,,2025-11-20,PC file compression ,TTR,,
excel_import,DORADO,Dorado -1289,,,2025-11-20,OEE SPSC2 + PWT  ,TTR,,
excel_import,DORADO,,,,2025-11-20,Total MQM TTR,TTR,0.0,
excel_import,DORADO,,,,2025-11-20,Total NDS TTR,TTR,0.0,
excel_import,DORADO,,,,2025-11-20,Total Soak TTR,TTR,0.0,
excel_import,DORADO,,,,2025-11-20,Total  CERT TTR,TTR,,
excel_import,DORADO,,,,2025-11-20,PRE2 GMR_RES_2x monitor (0.2),TTR,,
excel_import,MARLIN BP,,Implemented FW2613 (PCO4.2.13),,2025-11-20,4.9) PCO 4.2.11/4.2.11A,TTR,0,
excel_import,MARLIN BP,,,,2025-11-20,NDS bank write on ramp when soak is less than 8 days) (9H heads only),TTR,,
excel_import,MARLIN BP,,,,2025-11-20,OEE SPSC2 + PWT  ,TTR,med risk,
excel_import,MARLIN BP,,,,2025-11-20,LZR state EWC optimiziation (multipl Jiras') ~30 hrs?,TTR,30,
excel_import,MARLIN BP,,,,2025-11-20,Scopy bank spiral write,TTR,4.6,
excel_import,MARLIN BP,,,,2025-11-20,Summit 350Hr items  (high risk),TTR,44,
excel_import,MARLIN BP,,,,2025-11-20,"New EWC ""nonlinearity"" (low risk)",TTR,55,
excel_import,MARLIN BP,,,,2025-11-20,PROZx (high risk),TTR,30,
excel_import,MARLIN BP,,,,2025-11-20,Scopy higher RPM wtir  (high risk),TTR,15,
excel_import,MARLIN BP,,,,2025-11-20,Flawscan higher RPM  (high risk),TTR,5,
excel_import,MARLIN BP,,,,2025-11-20,2rev -> 1 Rev ZAP (30hrs) - needs 2.3% ADC gain (over 9H plans)  (very high risk),TTR,30,
excel_import,MARLIN,,,,2025-11-20,     4.11) PCO7.1.11F - 2 hrs,TTR,0.0,
excel_import,MARLIN,,"released ww17, CP WW20",,2025-11-20,"     4.18) PCO7.3.03/A/B - Must be implement ww20 (LZR oper, L7)",TTR,,
excel_import,MARLIN,,"New RAP trk in crease730k to 820k 1.5hrs, LZP 5hr ZAP 2hrs
PE validate LZR TT increase CP21, Tue",,2025-11-20,       5) L7 test time increse from re-structuring,TTR,,
excel_import,MARLIN,MARLINCT-2210,Already in PCO7.3.03,,2025-11-20,"       6) WPOPTI: Pickup of SF3 TTR, and PF3 TTR   (2.5+1 hrs)",TTR,,
excel_import,MARLIN,MARLINCT-2168,Already in PCO7.3.03,,2025-11-20,       7) HAMR: Temperature Ramp Test - ASTB/VBAR Removal (5-10 hrs),TTR,,
excel_import,MARLIN,,,,2025-11-20,     4.19 PCO7.3.04 -  55 hrs - ,TTR,,
excel_import,MARLIN,MARLINCT-2235,Check SMR saving,,2025-11-20,       4) Opti Power cycle SPFS (T222 call),TTR,,
excel_import,MARLIN,,,,2025-11-20,"New EWC ""nonlinearity"" (low risk) require minimum 30 hrs to compensate LZR require DC TP work on this one PCO by Dec25 cut in Feb26",TTR,,
excel_import,SUMMIT,,,,2025-11-20,     4.7.7) Plan Phase#1A - 3.6 hrs (SU373GE_02)- SMPEXGE02,TTR,,
excel_import,SUMMIT,,,,2025-11-20,     4.7.8) Plan Phase#1B - 13.8 hrs (SU373GE_03) - SMPEXGE03,TTR,,
excel_import,SUMMIT,,,,2025-11-20,     4.7.9) Plan Phase#1A-A - 4.1 hrs (SU373GE_02-A) - SMPEXGE02A,TTR,,
excel_import,SUMMIT,DISC-CR0014332,,Chonnakarn,2025-11-20,Remove WRITE_POWER_TCC state in FNC2,TTR,0.2,
excel_import,SUMMIT,SUMMIT-2345,,SSDC TP,2025-11-20,"TTR: PWT optimization: DNLD_CODE, enableDiags, Powercycle (Phase#2)",TTR,?,
excel_import,SUMMIT,DISC-CR0014339,,Korat PE,2025-11-20,Remove BODE state in PRE2,TTR,0.03,
excel_import,SUMMIT,,,,2025-11-20,     4.7.10) Plan Phase#1D - 7 hrs (SU373GE_04),TTR,,
excel_import,SUMMIT,"SUMMIT-2361,
TSR-6762",,Victor,2025-11-20,TTR: Removal of main_w_mux opti state in CAL2,TTR,0.6,
